file,NUM_TREES,N_anc,N_ceu,N_chb,N_ooa,N_yri,gr_ceu,gr_chb,t1,t2,t3
ntree_10_rep_10_simulate_ARG.log,10,11863.698069272337,9497.66586600549,14081.881603786002,25692.757437529785,14033.24127024693,0.09955692337826859,0.29459705647191126,5.79458610693223,70.82871182191717,1757.741717372519
ntree_10_rep_1_simulate_ARG.log,10,2295.431930340853,8435.857033624643,7524.2843970406675,23653.93504986221,11488.412471405092,0.15953818253393498,0.0685660168439495,5.176477904325466,64.68410798864909,951.8120749694962
ntree_10_rep_2_simulate_ARG.log,10,20384.455269160102,1896.9271623117788,8830.790329356036,15492.171321549306,16455.43051298002,0.19834204569469133,0.1562040811742335,9.959133419408449,67.3927373605706,-1302.9520661236984
ntree_10_rep_3_simulate_ARG.log,10,14313.546024759376,9973.247614663998,9777.295516816726,25266.7643638049,8684.589554957814,0.183887196665435,0.22078128223628085,8.96508304958253,44.44189087917762,541.5233431485507
ntree_10_rep_4_simulate_ARG.log,10,18933.815315087206,13598.729388128902,15795.100655245498,14105.569082397022,9086.588871256674,0.26601287078143665,0.1754439666651125,15.821613367832514,52.69103009477931,-566.8011324557502
ntree_10_rep_5_simulate_ARG.log,10,12664.704772853478,12552.674860801475,9728.1209228772,20075.138958681717,17894.773117619265,0.13178034019672405,0.09128253489343899,6.220764893681295,61.22461089537208,1765.911791713417
ntree_10_rep_6_simulate_ARG.log,10,14333.455067644543,19504.138600770377,10473.169391509222,26648.004832444218,14244.421348079428,0.2334849299063647,0.10588143014934676,6.675925823217005,37.42675576078083,1122.3646910136101
ntree_10_rep_7_simulate_ARG.log,10,22311.020654027016,13196.439992762662,11065.48947584839,15652.876284060096,16364.6310596424,0.1184936221225472,0.10004441614372309,12.960758029301191,51.250910391348484,-215.49199193010966
ntree_10_rep_8_simulate_ARG.log,10,24131.18208035736,18315.213135970404,6912.9536793632315,12334.669678674485,12003.449835686233,0.21445854808390594,0.028622430373146553,16.867923823868782,65.02945428266553,-2083.2147948039296
ntree_10_rep_9_simulate_ARG.log,10,27086.45780624937,10363.310727506643,12954.653088322135,20959.10603786295,14663.452709732124,0.23176846556055536,0.07361025562703924,1.1848503520189397,36.48671962685567,-402.4879612036035
